{
  "resourceType" : "StructureDefinition",
  "id" : "IMMZ-C-RegisterClient",
  "meta" : {
    "profile" : ["http://worldhealthorganization.github.io/smart/StructureDefinition/SGLogicalModel"]
  },
  "text" : {
    "status" : "extensions",
    "div" : "<div xmlns=\"http://www.w3.org/1999/xhtml\">Placeholder</div>"
  },
  "url" : "http://worldhealthorganization.github.io/smart/StructureDefinition/IMMZ_C_RegisterClient",
  "version" : "0.1.0",
  "name" : "IMMZ_C_RegisterClient",
  "title" : "IMMZ.C Register Client",
  "status" : "draft",
  "date" : "2023-08-24T05:34:48+00:00",
  "publisher" : "WHO",
  "contact" : [{
    "name" : "WHO",
    "telecom" : [{
      "system" : "url",
      "value" : "http://who.int"
    }]
  }],
  "description" : "Register Client",
  "fhirVersion" : "4.0.1",
  "mapping" : [{
    "identity" : "rim",
    "uri" : "http://hl7.org/v3",
    "name" : "RIM Mapping"
  }],
  "kind" : "logical",
  "abstract" : false,
  "type" : "http://worldhealthorganization.github.io/smart/StructureDefinition/IMMZ_C_RegisterClient",
  "baseDefinition" : "http://hl7.org/fhir/StructureDefinition/Base",
  "derivation" : "specialization",
  "snapshot" : {
    "element" : [{
      "id" : "IMMZ_C_RegisterClient",
      "path" : "IMMZ_C_RegisterClient",
      "short" : "IMMZ.C Register Client",
      "definition" : "Register Client",
      "min" : 0,
      "max" : "*",
      "base" : {
        "path" : "Base",
        "min" : 0,
        "max" : "*"
      },
      "isModifier" : false
    },
    {
      "id" : "IMMZ_C_RegisterClient.uniqueIdentifier",
      "path" : "IMMZ_C_RegisterClient.uniqueIdentifier",
      "code" : [{
        "system" : "http://who.smart.codes/smart",
        "code" : "IMMZ.C.DE1"
      }],
      "short" : "Unique identifier",
      "definition" : "Unique identifier for the client, according to the policies applicable to each country. There can be more than one unique identifier used to link records (e.g. national ID, health ID, immunization information system ID, medical record ID).",
      "min" : 1,
      "max" : "1",
      "base" : {
        "path" : "IMMZ_C_RegisterClient.uniqueIdentifier",
        "min" : 1,
        "max" : "1"
      },
      "type" : [{
        "code" : "Identifier"
      }]
    },
    {
      "id" : "IMMZ_C_RegisterClient.name",
      "path" : "IMMZ_C_RegisterClient.name",
      "code" : [{
        "code" : "IMMZ.C.DE2"
      },
      {
        "code" : "54125-0"
      },
      {
        "code" : "371484003"
      }],
      "short" : "Name",
      "definition" : "The full name of the client",
      "min" : 1,
      "max" : "1",
      "base" : {
        "path" : "IMMZ_C_RegisterClient.name",
        "min" : 1,
        "max" : "1"
      },
      "type" : [{
        "code" : "string"
      }]
    },
    {
      "id" : "IMMZ_C_RegisterClient.firstName",
      "path" : "IMMZ_C_RegisterClient.firstName",
      "code" : [{
        "code" : "IMMZ.C.DE3"
      },
      {
        "code" : "45392-8"
      },
      {
        "code" : "184095009"
      }],
      "short" : "First name",
      "definition" : "Client's first name or given name",
      "min" : 0,
      "max" : "1",
      "base" : {
        "path" : "IMMZ_C_RegisterClient.firstName",
        "min" : 0,
        "max" : "1"
      },
      "type" : [{
        "code" : "string"
      }]
    },
    {
      "id" : "IMMZ_C_RegisterClient.familyName",
      "path" : "IMMZ_C_RegisterClient.familyName",
      "code" : [{
        "code" : "IMMZ.C.DE4"
      },
      {
        "code" : "45394-4"
      },
      {
        "code" : "184096005"
      }],
      "short" : "Family name",
      "definition" : "Client's family name or last name",
      "min" : 0,
      "max" : "1",
      "base" : {
        "path" : "IMMZ_C_RegisterClient.familyName",
        "min" : 0,
        "max" : "1"
      },
      "type" : [{
        "code" : "string"
      }]
    },
    {
      "id" : "IMMZ_C_RegisterClient.sex",
      "path" : "IMMZ_C_RegisterClient.sex",
      "code" : [{
        "code" : "IMMZ.C.DE5"
      },
      {
        "code" : "46098-0"
      },
      {
        "code" : "184100006"
      }],
      "short" : "Sex",
      "definition" : "Documentation of a specific instance of sex information for the client",
      "min" : 1,
      "max" : "1",
      "base" : {
        "path" : "IMMZ_C_RegisterClient.sex",
        "min" : 1,
        "max" : "1"
      },
      "type" : [{
        "code" : "Coding"
      }]
    },
    {
      "id" : "IMMZ_C_RegisterClient.dateOfBirth",
      "path" : "IMMZ_C_RegisterClient.dateOfBirth",
      "code" : [{
        "code" : "IMMZ.C.DE10"
      },
      {
        "code" : "21112-8"
      },
      {
        "code" : "184099003"
      }],
      "short" : "Date of birth ",
      "definition" : "Client's date of birth (DOB) if known; if unknown, use assigned DOB for administrative purposes",
      "min" : 0,
      "max" : "1",
      "base" : {
        "path" : "IMMZ_C_RegisterClient.dateOfBirth",
        "min" : 0,
        "max" : "1"
      },
      "type" : [{
        "code" : "date"
      }]
    },
    {
      "id" : "IMMZ_C_RegisterClient.ageInWeeks",
      "path" : "IMMZ_C_RegisterClient.ageInWeeks",
      "code" : [{
        "code" : "IMMZ.C.DE11"
      },
      {
        "code" : "63900-5"
      }],
      "short" : "Age in weeks",
      "definition" : "The client's calculated age (number of weeks) based on the date of birth (DOB) and the visit date",
      "min" : 0,
      "max" : "1",
      "base" : {
        "path" : "IMMZ_C_RegisterClient.ageInWeeks",
        "min" : 0,
        "max" : "1"
      },
      "type" : [{
        "code" : "Quantity"
      }]
    },
    {
      "id" : "IMMZ_C_RegisterClient.ageInMonths",
      "path" : "IMMZ_C_RegisterClient.ageInMonths",
      "code" : [{
        "code" : "IMMZ.C.DE12"
      },
      {
        "code" : "63900-5"
      }],
      "short" : "Age in months",
      "definition" : "The client's calculated age (number of months) based on the date of birth (DOB) and the visit date",
      "min" : 0,
      "max" : "1",
      "base" : {
        "path" : "IMMZ_C_RegisterClient.ageInMonths",
        "min" : 0,
        "max" : "1"
      },
      "type" : [{
        "code" : "Quantity"
      }]
    },
    {
      "id" : "IMMZ_C_RegisterClient.ageInYears",
      "path" : "IMMZ_C_RegisterClient.ageInYears",
      "code" : [{
        "code" : "IMMZ.C.DE13"
      },
      {
        "code" : "63900-5"
      }],
      "short" : "Age in years",
      "definition" : "The client's calculated age (number of years) based on the date of birth (DOB) and the visit date",
      "min" : 0,
      "max" : "1",
      "base" : {
        "path" : "IMMZ_C_RegisterClient.ageInYears",
        "min" : 0,
        "max" : "1"
      },
      "type" : [{
        "code" : "Quantity"
      }]
    },
    {
      "id" : "IMMZ_C_RegisterClient.multipleBirth",
      "path" : "IMMZ_C_RegisterClient.multipleBirth",
      "code" : [{
        "code" : "IMMZ.C.DE14"
      }],
      "short" : "Multiple birth ",
      "definition" : "Indicates whether the client is part of a multiple birth (e.g. twins, triplets, etc.)",
      "min" : 1,
      "max" : "1",
      "base" : {
        "path" : "IMMZ_C_RegisterClient.multipleBirth",
        "min" : 1,
        "max" : "1"
      },
      "type" : [{
        "code" : "boolean"
      }]
    },
    {
      "id" : "IMMZ_C_RegisterClient.caregivers",
      "path" : "IMMZ_C_RegisterClient.caregivers",
      "code" : [{
        "code" : "IMMZ.C.DE15"
      },
      {
        "code" : "184140000"
      }],
      "short" : "Caregivers",
      "definition" : "The client's caregiver (person) which could be next of kin (e.g., partner, husband, mother, sibling, etc.)",
      "min" : 0,
      "max" : "*",
      "base" : {
        "path" : "IMMZ_C_RegisterClient.caregivers",
        "min" : 0,
        "max" : "*"
      },
      "type" : [{
        "code" : "BackboneElement"
      }],
      "constraint" : [{
        "key" : "ele-1",
        "severity" : "error",
        "human" : "All FHIR elements must have a @value or children",
        "expression" : "hasValue() or (children().count() > id.count())",
        "xpath" : "@value|f:*|h:div",
        "source" : "http://hl7.org/fhir/StructureDefinition/Element"
      }]
    },
    {
      "id" : "IMMZ_C_RegisterClient.caregivers.id",
      "path" : "IMMZ_C_RegisterClient.caregivers.id",
      "representation" : ["xmlAttr"],
      "short" : "Unique id for inter-element referencing",
      "definition" : "Unique id for the element within a resource (for internal references). This may be any string value that does not contain spaces.",
      "min" : 0,
      "max" : "1",
      "base" : {
        "path" : "Element.id",
        "min" : 0,
        "max" : "1"
      },
      "type" : [{
        "extension" : [{
          "url" : "http://hl7.org/fhir/StructureDefinition/structuredefinition-fhir-type",
          "valueUrl" : "string"
        }],
        "code" : "http://hl7.org/fhirpath/System.String"
      }],
      "isModifier" : false,
      "isSummary" : false,
      "mapping" : [{
        "identity" : "rim",
        "map" : "n/a"
      }]
    },
    {
      "id" : "IMMZ_C_RegisterClient.caregivers.extension",
      "path" : "IMMZ_C_RegisterClient.caregivers.extension",
      "slicing" : {
        "discriminator" : [{
          "type" : "value",
          "path" : "url"
        }],
        "description" : "Extensions are always sliced by (at least) url",
        "rules" : "open"
      },
      "short" : "Additional content defined by implementations",
      "definition" : "May be used to represent additional information that is not part of the basic definition of the element. To make the use of extensions safe and manageable, there is a strict set of governance  applied to the definition and use of extensions. Though any implementer can define an extension, there is a set of requirements that SHALL be met as part of the definition of the extension.",
      "comment" : "There can be no stigma associated with the use of extensions by any application, project, or standard - regardless of the institution or jurisdiction that uses or defines the extensions.  The use of extensions is what allows the FHIR specification to retain a core level of simplicity for everyone.",
      "alias" : ["extensions",
      "user content"],
      "min" : 0,
      "max" : "*",
      "base" : {
        "path" : "Element.extension",
        "min" : 0,
        "max" : "*"
      },
      "type" : [{
        "code" : "Extension"
      }],
      "constraint" : [{
        "key" : "ele-1",
        "severity" : "error",
        "human" : "All FHIR elements must have a @value or children",
        "expression" : "hasValue() or (children().count() > id.count())",
        "xpath" : "@value|f:*|h:div",
        "source" : "http://hl7.org/fhir/StructureDefinition/Element"
      },
      {
        "key" : "ext-1",
        "severity" : "error",
        "human" : "Must have either extensions or value[x], not both",
        "expression" : "extension.exists() != value.exists()",
        "xpath" : "exists(f:extension)!=exists(f:*[starts-with(local-name(.), \"value\")])",
        "source" : "http://hl7.org/fhir/StructureDefinition/Extension"
      }],
      "isModifier" : false,
      "isSummary" : false,
      "mapping" : [{
        "identity" : "rim",
        "map" : "n/a"
      }]
    },
    {
      "id" : "IMMZ_C_RegisterClient.caregivers.modifierExtension",
      "path" : "IMMZ_C_RegisterClient.caregivers.modifierExtension",
      "short" : "Extensions that cannot be ignored even if unrecognized",
      "definition" : "May be used to represent additional information that is not part of the basic definition of the element and that modifies the understanding of the element in which it is contained and/or the understanding of the containing element's descendants. Usually modifier elements provide negation or qualification. To make the use of extensions safe and manageable, there is a strict set of governance applied to the definition and use of extensions. Though any implementer can define an extension, there is a set of requirements that SHALL be met as part of the definition of the extension. Applications processing a resource are required to check for modifier extensions.\n\nModifier extensions SHALL NOT change the meaning of any elements on Resource or DomainResource (including cannot change the meaning of modifierExtension itself).",
      "comment" : "There can be no stigma associated with the use of extensions by any application, project, or standard - regardless of the institution or jurisdiction that uses or defines the extensions.  The use of extensions is what allows the FHIR specification to retain a core level of simplicity for everyone.",
      "requirements" : "Modifier extensions allow for extensions that *cannot* be safely ignored to be clearly distinguished from the vast majority of extensions which can be safely ignored.  This promotes interoperability by eliminating the need for implementers to prohibit the presence of extensions. For further information, see the [definition of modifier extensions](http://hl7.org/fhir/R4/extensibility.html#modifierExtension).",
      "alias" : ["extensions",
      "user content",
      "modifiers"],
      "min" : 0,
      "max" : "*",
      "base" : {
        "path" : "BackboneElement.modifierExtension",
        "min" : 0,
        "max" : "*"
      },
      "type" : [{
        "code" : "Extension"
      }],
      "constraint" : [{
        "key" : "ele-1",
        "severity" : "error",
        "human" : "All FHIR elements must have a @value or children",
        "expression" : "hasValue() or (children().count() > id.count())",
        "xpath" : "@value|f:*|h:div",
        "source" : "http://hl7.org/fhir/StructureDefinition/Element"
      },
      {
        "key" : "ext-1",
        "severity" : "error",
        "human" : "Must have either extensions or value[x], not both",
        "expression" : "extension.exists() != value.exists()",
        "xpath" : "exists(f:extension)!=exists(f:*[starts-with(local-name(.), \"value\")])",
        "source" : "http://hl7.org/fhir/StructureDefinition/Extension"
      }],
      "isModifier" : true,
      "isModifierReason" : "Modifier extensions are expected to modify the meaning or interpretation of the element that contains them",
      "isSummary" : true,
      "mapping" : [{
        "identity" : "rim",
        "map" : "N/A"
      }]
    },
    {
      "id" : "IMMZ_C_RegisterClient.caregivers.fullName",
      "path" : "IMMZ_C_RegisterClient.caregivers.fullName",
      "code" : [{
        "code" : "IMMZ.C.DE16"
      },
      {
        "code" : "184140000"
      }],
      "short" : "Caregiver's full name",
      "definition" : "The full name of the client's caregiver",
      "min" : 0,
      "max" : "1",
      "base" : {
        "path" : "IMMZ_C_RegisterClient.caregivers.fullName",
        "min" : 0,
        "max" : "1"
      },
      "type" : [{
        "code" : "string"
      }]
    },
    {
      "id" : "IMMZ_C_RegisterClient.caregivers.firstName",
      "path" : "IMMZ_C_RegisterClient.caregivers.firstName",
      "code" : [{
        "code" : "IMMZ.C.DE17"
      }],
      "short" : "Caregiver's first name",
      "definition" : "First or given name of the client's caregiver",
      "min" : 0,
      "max" : "1",
      "base" : {
        "path" : "IMMZ_C_RegisterClient.caregivers.firstName",
        "min" : 0,
        "max" : "1"
      },
      "type" : [{
        "code" : "string"
      }]
    },
    {
      "id" : "IMMZ_C_RegisterClient.caregivers.familyName",
      "path" : "IMMZ_C_RegisterClient.caregivers.familyName",
      "code" : [{
        "code" : "IMMZ.C.DE18"
      }],
      "short" : "Caregiver's family name",
      "definition" : "Family name or last name of the client's caregiver",
      "min" : 0,
      "max" : "1",
      "base" : {
        "path" : "IMMZ_C_RegisterClient.caregivers.familyName",
        "min" : 0,
        "max" : "1"
      },
      "type" : [{
        "code" : "string"
      }]
    },
    {
      "id" : "IMMZ_C_RegisterClient.caregivers.phoneNumber",
      "path" : "IMMZ_C_RegisterClient.caregivers.phoneNumber",
      "code" : [{
        "code" : "IMMZ.C.DE19"
      },
      {
        "code" : "42077-8"
      },
      {
        "code" : "184103008"
      }],
      "short" : "Contact phone number",
      "definition" : "Client's phone number; can be a landline or a mobile phone number",
      "min" : 1,
      "max" : "1",
      "base" : {
        "path" : "IMMZ_C_RegisterClient.caregivers.phoneNumber",
        "min" : 1,
        "max" : "1"
      },
      "type" : [{
        "code" : "string"
      }]
    },
    {
      "id" : "IMMZ_C_RegisterClient.administrativeArea",
      "path" : "IMMZ_C_RegisterClient.administrativeArea",
      "code" : [{
        "code" : "IMMZ.C.DE20"
      },
      {
        "code" : "56799-0"
      },
      {
        "code" : "184097001\""
      }],
      "short" : "Administrative area",
      "definition" : "The name of the city/municipality/town/village of where the client lives",
      "min" : 0,
      "max" : "1",
      "base" : {
        "path" : "IMMZ_C_RegisterClient.administrativeArea",
        "min" : 0,
        "max" : "1"
      },
      "type" : [{
        "code" : "Coding"
      }]
    },
    {
      "id" : "IMMZ_C_RegisterClient.activeHealthWorker",
      "path" : "IMMZ_C_RegisterClient.activeHealthWorker",
      "code" : [{
        "code" : "IMMZ.C.DE21"
      }],
      "short" : "Active health worker",
      "definition" : "Is the client an active and participating health worker. This data element is used mainly for reporting and indicators purposes.",
      "min" : 1,
      "max" : "1",
      "base" : {
        "path" : "IMMZ_C_RegisterClient.activeHealthWorker",
        "min" : 1,
        "max" : "1"
      },
      "type" : [{
        "code" : "boolean"
      }]
    }]
  },
  "differential" : {
    "element" : [{
      "id" : "IMMZ_C_RegisterClient",
      "path" : "IMMZ_C_RegisterClient",
      "short" : "IMMZ.C Register Client",
      "definition" : "Register Client"
    },
    {
      "id" : "IMMZ_C_RegisterClient.uniqueIdentifier",
      "path" : "IMMZ_C_RegisterClient.uniqueIdentifier",
      "code" : [{
        "system" : "http://who.smart.codes/smart",
        "code" : "IMMZ.C.DE1"
      }],
      "short" : "Unique identifier",
      "definition" : "Unique identifier for the client, according to the policies applicable to each country. There can be more than one unique identifier used to link records (e.g. national ID, health ID, immunization information system ID, medical record ID).",
      "min" : 1,
      "max" : "1",
      "type" : [{
        "code" : "Identifier"
      }]
    },
    {
      "id" : "IMMZ_C_RegisterClient.name",
      "path" : "IMMZ_C_RegisterClient.name",
      "code" : [{
        "code" : "IMMZ.C.DE2"
      },
      {
        "code" : "54125-0"
      },
      {
        "code" : "371484003"
      }],
      "short" : "Name",
      "definition" : "The full name of the client",
      "min" : 1,
      "max" : "1",
      "type" : [{
        "code" : "string"
      }]
    },
    {
      "id" : "IMMZ_C_RegisterClient.firstName",
      "path" : "IMMZ_C_RegisterClient.firstName",
      "code" : [{
        "code" : "IMMZ.C.DE3"
      },
      {
        "code" : "45392-8"
      },
      {
        "code" : "184095009"
      }],
      "short" : "First name",
      "definition" : "Client's first name or given name",
      "min" : 0,
      "max" : "1",
      "type" : [{
        "code" : "string"
      }]
    },
    {
      "id" : "IMMZ_C_RegisterClient.familyName",
      "path" : "IMMZ_C_RegisterClient.familyName",
      "code" : [{
        "code" : "IMMZ.C.DE4"
      },
      {
        "code" : "45394-4"
      },
      {
        "code" : "184096005"
      }],
      "short" : "Family name",
      "definition" : "Client's family name or last name",
      "min" : 0,
      "max" : "1",
      "type" : [{
        "code" : "string"
      }]
    },
    {
      "id" : "IMMZ_C_RegisterClient.sex",
      "path" : "IMMZ_C_RegisterClient.sex",
      "code" : [{
        "code" : "IMMZ.C.DE5"
      },
      {
        "code" : "46098-0"
      },
      {
        "code" : "184100006"
      }],
      "short" : "Sex",
      "definition" : "Documentation of a specific instance of sex information for the client",
      "min" : 1,
      "max" : "1",
      "type" : [{
        "code" : "Coding"
      }]
    },
    {
      "id" : "IMMZ_C_RegisterClient.dateOfBirth",
      "path" : "IMMZ_C_RegisterClient.dateOfBirth",
      "code" : [{
        "code" : "IMMZ.C.DE10"
      },
      {
        "code" : "21112-8"
      },
      {
        "code" : "184099003"
      }],
      "short" : "Date of birth ",
      "definition" : "Client's date of birth (DOB) if known; if unknown, use assigned DOB for administrative purposes",
      "min" : 0,
      "max" : "1",
      "type" : [{
        "code" : "date"
      }]
    },
    {
      "id" : "IMMZ_C_RegisterClient.ageInWeeks",
      "path" : "IMMZ_C_RegisterClient.ageInWeeks",
      "code" : [{
        "code" : "IMMZ.C.DE11"
      },
      {
        "code" : "63900-5"
      }],
      "short" : "Age in weeks",
      "definition" : "The client's calculated age (number of weeks) based on the date of birth (DOB) and the visit date",
      "min" : 0,
      "max" : "1",
      "type" : [{
        "code" : "Quantity"
      }]
    },
    {
      "id" : "IMMZ_C_RegisterClient.ageInMonths",
      "path" : "IMMZ_C_RegisterClient.ageInMonths",
      "code" : [{
        "code" : "IMMZ.C.DE12"
      },
      {
        "code" : "63900-5"
      }],
      "short" : "Age in months",
      "definition" : "The client's calculated age (number of months) based on the date of birth (DOB) and the visit date",
      "min" : 0,
      "max" : "1",
      "type" : [{
        "code" : "Quantity"
      }]
    },
    {
      "id" : "IMMZ_C_RegisterClient.ageInYears",
      "path" : "IMMZ_C_RegisterClient.ageInYears",
      "code" : [{
        "code" : "IMMZ.C.DE13"
      },
      {
        "code" : "63900-5"
      }],
      "short" : "Age in years",
      "definition" : "The client's calculated age (number of years) based on the date of birth (DOB) and the visit date",
      "min" : 0,
      "max" : "1",
      "type" : [{
        "code" : "Quantity"
      }]
    },
    {
      "id" : "IMMZ_C_RegisterClient.multipleBirth",
      "path" : "IMMZ_C_RegisterClient.multipleBirth",
      "code" : [{
        "code" : "IMMZ.C.DE14"
      }],
      "short" : "Multiple birth ",
      "definition" : "Indicates whether the client is part of a multiple birth (e.g. twins, triplets, etc.)",
      "min" : 1,
      "max" : "1",
      "type" : [{
        "code" : "boolean"
      }]
    },
    {
      "id" : "IMMZ_C_RegisterClient.caregivers",
      "path" : "IMMZ_C_RegisterClient.caregivers",
      "code" : [{
        "code" : "IMMZ.C.DE15"
      },
      {
        "code" : "184140000"
      }],
      "short" : "Caregivers",
      "definition" : "The client's caregiver (person) which could be next of kin (e.g., partner, husband, mother, sibling, etc.)",
      "min" : 0,
      "max" : "*",
      "type" : [{
        "code" : "BackboneElement"
      }]
    },
    {
      "id" : "IMMZ_C_RegisterClient.caregivers.fullName",
      "path" : "IMMZ_C_RegisterClient.caregivers.fullName",
      "code" : [{
        "code" : "IMMZ.C.DE16"
      },
      {
        "code" : "184140000"
      }],
      "short" : "Caregiver's full name",
      "definition" : "The full name of the client's caregiver",
      "min" : 0,
      "max" : "1",
      "type" : [{
        "code" : "string"
      }]
    },
    {
      "id" : "IMMZ_C_RegisterClient.caregivers.firstName",
      "path" : "IMMZ_C_RegisterClient.caregivers.firstName",
      "code" : [{
        "code" : "IMMZ.C.DE17"
      }],
      "short" : "Caregiver's first name",
      "definition" : "First or given name of the client's caregiver",
      "min" : 0,
      "max" : "1",
      "type" : [{
        "code" : "string"
      }]
    },
    {
      "id" : "IMMZ_C_RegisterClient.caregivers.familyName",
      "path" : "IMMZ_C_RegisterClient.caregivers.familyName",
      "code" : [{
        "code" : "IMMZ.C.DE18"
      }],
      "short" : "Caregiver's family name",
      "definition" : "Family name or last name of the client's caregiver",
      "min" : 0,
      "max" : "1",
      "type" : [{
        "code" : "string"
      }]
    },
    {
      "id" : "IMMZ_C_RegisterClient.caregivers.phoneNumber",
      "path" : "IMMZ_C_RegisterClient.caregivers.phoneNumber",
      "code" : [{
        "code" : "IMMZ.C.DE19"
      },
      {
        "code" : "42077-8"
      },
      {
        "code" : "184103008"
      }],
      "short" : "Contact phone number",
      "definition" : "Client's phone number; can be a landline or a mobile phone number",
      "min" : 1,
      "max" : "1",
      "type" : [{
        "code" : "string"
      }]
    },
    {
      "id" : "IMMZ_C_RegisterClient.administrativeArea",
      "path" : "IMMZ_C_RegisterClient.administrativeArea",
      "code" : [{
        "code" : "IMMZ.C.DE20"
      },
      {
        "code" : "56799-0"
      },
      {
        "code" : "184097001\""
      }],
      "short" : "Administrative area",
      "definition" : "The name of the city/municipality/town/village of where the client lives",
      "min" : 0,
      "max" : "1",
      "type" : [{
        "code" : "Coding"
      }]
    },
    {
      "id" : "IMMZ_C_RegisterClient.activeHealthWorker",
      "path" : "IMMZ_C_RegisterClient.activeHealthWorker",
      "code" : [{
        "code" : "IMMZ.C.DE21"
      }],
      "short" : "Active health worker",
      "definition" : "Is the client an active and participating health worker. This data element is used mainly for reporting and indicators purposes.",
      "min" : 1,
      "max" : "1",
      "type" : [{
        "code" : "boolean"
      }]
    }]
  }
}