<?xml version="1.0" encoding="UTF-8"?>

<StructureDefinition xmlns="http://hl7.org/fhir">
  <id value="IMMZ-C-RegisterClient"/>
  <meta>
    <profile value="http://worldhealthorganization.github.io/smart/StructureDefinition/SGLogicalModel"/>
  </meta>
  <text>
    <status value="extensions"/><div xmlns="http://www.w3.org/1999/xhtml">Placeholder</div>
  </text>
  <url value="http://worldhealthorganization.github.io/smart/StructureDefinition/IMMZ_C_RegisterClient"/>
  <version value="0.1.0"/>
  <name value="IMMZ_C_RegisterClient"/>
  <title value="IMMZ.C Register Client"/>
  <status value="draft"/>
  <date value="2023-08-24T05:34:48+00:00"/>
  <publisher value="WHO"/>
  <contact>
    <name value="WHO"/>
    <telecom>
      <system value="url"/>
      <value value="http://who.int"/>
    </telecom>
  </contact>
  <description value="Register Client"/>
  <fhirVersion value="4.0.1"/>
  <mapping>
    <identity value="rim"/>
    <uri value="http://hl7.org/v3"/>
    <name value="RIM Mapping"/>
  </mapping>
  <kind value="logical"/>
  <abstract value="false"/>
  <type value="http://worldhealthorganization.github.io/smart/StructureDefinition/IMMZ_C_RegisterClient"/>
  <baseDefinition value="http://hl7.org/fhir/StructureDefinition/Base"/>
  <derivation value="specialization"/>
  <snapshot>
    <element id="IMMZ_C_RegisterClient">
      <path value="IMMZ_C_RegisterClient"/>
      <short value="IMMZ.C Register Client"/>
      <definition value="Register Client"/>
      <min value="0"/>
      <max value="*"/>
      <base>
        <path value="Base"/>
        <min value="0"/>
        <max value="*"/>
      </base>
      <isModifier value="false"/>
    </element>
    <element id="IMMZ_C_RegisterClient.uniqueIdentifier">
      <path value="IMMZ_C_RegisterClient.uniqueIdentifier"/>
      <code>
        <system value="http://who.smart.codes/smart"/>
        <code value="IMMZ.C.DE1"/>
      </code>
      <short value="Unique identifier"/>
      <definition value="Unique identifier for the client, according to the policies applicable to each country. There can be more than one unique identifier used to link records (e.g. national ID, health ID, immunization information system ID, medical record ID)."/>
      <min value="1"/>
      <max value="1"/>
      <base>
        <path value="IMMZ_C_RegisterClient.uniqueIdentifier"/>
        <min value="1"/>
        <max value="1"/>
      </base>
      <type>
        <code value="Identifier"/>
      </type>
    </element>
    <element id="IMMZ_C_RegisterClient.name">
      <path value="IMMZ_C_RegisterClient.name"/>
      <code>
        <code value="IMMZ.C.DE2"/>
      </code>
      <code>
        <code value="54125-0"/>
      </code>
      <code>
        <code value="371484003"/>
      </code>
      <short value="Name"/>
      <definition value="The full name of the client"/>
      <min value="1"/>
      <max value="1"/>
      <base>
        <path value="IMMZ_C_RegisterClient.name"/>
        <min value="1"/>
        <max value="1"/>
      </base>
      <type>
        <code value="string"/>
      </type>
    </element>
    <element id="IMMZ_C_RegisterClient.firstName">
      <path value="IMMZ_C_RegisterClient.firstName"/>
      <code>
        <code value="IMMZ.C.DE3"/>
      </code>
      <code>
        <code value="45392-8"/>
      </code>
      <code>
        <code value="184095009"/>
      </code>
      <short value="First name"/>
      <definition value="Client's first name or given name"/>
      <min value="0"/>
      <max value="1"/>
      <base>
        <path value="IMMZ_C_RegisterClient.firstName"/>
        <min value="0"/>
        <max value="1"/>
      </base>
      <type>
        <code value="string"/>
      </type>
    </element>
    <element id="IMMZ_C_RegisterClient.familyName">
      <path value="IMMZ_C_RegisterClient.familyName"/>
      <code>
        <code value="IMMZ.C.DE4"/>
      </code>
      <code>
        <code value="45394-4"/>
      </code>
      <code>
        <code value="184096005"/>
      </code>
      <short value="Family name"/>
      <definition value="Client's family name or last name"/>
      <min value="0"/>
      <max value="1"/>
      <base>
        <path value="IMMZ_C_RegisterClient.familyName"/>
        <min value="0"/>
        <max value="1"/>
      </base>
      <type>
        <code value="string"/>
      </type>
    </element>
    <element id="IMMZ_C_RegisterClient.sex">
      <path value="IMMZ_C_RegisterClient.sex"/>
      <code>
        <code value="IMMZ.C.DE5"/>
      </code>
      <code>
        <code value="46098-0"/>
      </code>
      <code>
        <code value="184100006"/>
      </code>
      <short value="Sex"/>
      <definition value="Documentation of a specific instance of sex information for the client"/>
      <min value="1"/>
      <max value="1"/>
      <base>
        <path value="IMMZ_C_RegisterClient.sex"/>
        <min value="1"/>
        <max value="1"/>
      </base>
      <type>
        <code value="Coding"/>
      </type>
    </element>
    <element id="IMMZ_C_RegisterClient.dateOfBirth">
      <path value="IMMZ_C_RegisterClient.dateOfBirth"/>
      <code>
        <code value="IMMZ.C.DE10"/>
      </code>
      <code>
        <code value="21112-8"/>
      </code>
      <code>
        <code value="184099003"/>
      </code>
      <short value="Date of birth "/>
      <definition value="Client's date of birth (DOB) if known; if unknown, use assigned DOB for administrative purposes"/>
      <min value="0"/>
      <max value="1"/>
      <base>
        <path value="IMMZ_C_RegisterClient.dateOfBirth"/>
        <min value="0"/>
        <max value="1"/>
      </base>
      <type>
        <code value="date"/>
      </type>
    </element>
    <element id="IMMZ_C_RegisterClient.ageInWeeks">
      <path value="IMMZ_C_RegisterClient.ageInWeeks"/>
      <code>
        <code value="IMMZ.C.DE11"/>
      </code>
      <code>
        <code value="63900-5"/>
      </code>
      <short value="Age in weeks"/>
      <definition value="The client's calculated age (number of weeks) based on the date of birth (DOB) and the visit date"/>
      <min value="0"/>
      <max value="1"/>
      <base>
        <path value="IMMZ_C_RegisterClient.ageInWeeks"/>
        <min value="0"/>
        <max value="1"/>
      </base>
      <type>
        <code value="Quantity"/>
      </type>
    </element>
    <element id="IMMZ_C_RegisterClient.ageInMonths">
      <path value="IMMZ_C_RegisterClient.ageInMonths"/>
      <code>
        <code value="IMMZ.C.DE12"/>
      </code>
      <code>
        <code value="63900-5"/>
      </code>
      <short value="Age in months"/>
      <definition value="The client's calculated age (number of months) based on the date of birth (DOB) and the visit date"/>
      <min value="0"/>
      <max value="1"/>
      <base>
        <path value="IMMZ_C_RegisterClient.ageInMonths"/>
        <min value="0"/>
        <max value="1"/>
      </base>
      <type>
        <code value="Quantity"/>
      </type>
    </element>
    <element id="IMMZ_C_RegisterClient.ageInYears">
      <path value="IMMZ_C_RegisterClient.ageInYears"/>
      <code>
        <code value="IMMZ.C.DE13"/>
      </code>
      <code>
        <code value="63900-5"/>
      </code>
      <short value="Age in years"/>
      <definition value="The client's calculated age (number of years) based on the date of birth (DOB) and the visit date"/>
      <min value="0"/>
      <max value="1"/>
      <base>
        <path value="IMMZ_C_RegisterClient.ageInYears"/>
        <min value="0"/>
        <max value="1"/>
      </base>
      <type>
        <code value="Quantity"/>
      </type>
    </element>
    <element id="IMMZ_C_RegisterClient.multipleBirth">
      <path value="IMMZ_C_RegisterClient.multipleBirth"/>
      <code>
        <code value="IMMZ.C.DE14"/>
      </code>
      <short value="Multiple birth "/>
      <definition value="Indicates whether the client is part of a multiple birth (e.g. twins, triplets, etc.)"/>
      <min value="1"/>
      <max value="1"/>
      <base>
        <path value="IMMZ_C_RegisterClient.multipleBirth"/>
        <min value="1"/>
        <max value="1"/>
      </base>
      <type>
        <code value="boolean"/>
      </type>
    </element>
    <element id="IMMZ_C_RegisterClient.caregivers">
      <path value="IMMZ_C_RegisterClient.caregivers"/>
      <code>
        <code value="IMMZ.C.DE15"/>
      </code>
      <code>
        <code value="184140000"/>
      </code>
      <short value="Caregivers"/>
      <definition value="The client's caregiver (person) which could be next of kin (e.g., partner, husband, mother, sibling, etc.)"/>
      <min value="0"/>
      <max value="*"/>
      <base>
        <path value="IMMZ_C_RegisterClient.caregivers"/>
        <min value="0"/>
        <max value="*"/>
      </base>
      <type>
        <code value="BackboneElement"/>
      </type>
      <constraint>
        <key value="ele-1"/>
        <severity value="error"/>
        <human value="All FHIR elements must have a @value or children"/>
        <expression value="hasValue() or (children().count() &gt; id.count())"/>
        <xpath value="@value|f:*|h:div"/>
        <source value="http://hl7.org/fhir/StructureDefinition/Element"/>
      </constraint>
    </element>
    <element id="IMMZ_C_RegisterClient.caregivers.id">
      <path value="IMMZ_C_RegisterClient.caregivers.id"/>
      <representation value="xmlAttr"/>
      <short value="Unique id for inter-element referencing"/>
      <definition value="Unique id for the element within a resource (for internal references). This may be any string value that does not contain spaces."/>
      <min value="0"/>
      <max value="1"/>
      <base>
        <path value="Element.id"/>
        <min value="0"/>
        <max value="1"/>
      </base>
      <type>
        <extension url="http://hl7.org/fhir/StructureDefinition/structuredefinition-fhir-type">
          <valueUrl value="string"/>
        </extension>
        <code value="http://hl7.org/fhirpath/System.String"/>
      </type>
      <isModifier value="false"/>
      <isSummary value="false"/>
      <mapping>
        <identity value="rim"/>
        <map value="n/a"/>
      </mapping>
    </element>
    <element id="IMMZ_C_RegisterClient.caregivers.extension">
      <path value="IMMZ_C_RegisterClient.caregivers.extension"/>
      <slicing>
        <discriminator>
          <type value="value"/>
          <path value="url"/>
        </discriminator>
        <description value="Extensions are always sliced by (at least) url"/>
        <rules value="open"/>
      </slicing>
      <short value="Additional content defined by implementations"/>
      <definition value="May be used to represent additional information that is not part of the basic definition of the element. To make the use of extensions safe and manageable, there is a strict set of governance  applied to the definition and use of extensions. Though any implementer can define an extension, there is a set of requirements that SHALL be met as part of the definition of the extension."/>
      <comment value="There can be no stigma associated with the use of extensions by any application, project, or standard - regardless of the institution or jurisdiction that uses or defines the extensions.  The use of extensions is what allows the FHIR specification to retain a core level of simplicity for everyone."/>
      <alias value="extensions"/>
      <alias value="user content"/>
      <min value="0"/>
      <max value="*"/>
      <base>
        <path value="Element.extension"/>
        <min value="0"/>
        <max value="*"/>
      </base>
      <type>
        <code value="Extension"/>
      </type>
      <constraint>
        <key value="ele-1"/>
        <severity value="error"/>
        <human value="All FHIR elements must have a @value or children"/>
        <expression value="hasValue() or (children().count() &gt; id.count())"/>
        <xpath value="@value|f:*|h:div"/>
        <source value="http://hl7.org/fhir/StructureDefinition/Element"/>
      </constraint>
      <constraint>
        <key value="ext-1"/>
        <severity value="error"/>
        <human value="Must have either extensions or value[x], not both"/>
        <expression value="extension.exists() != value.exists()"/>
        <xpath value="exists(f:extension)!=exists(f:*[starts-with(local-name(.), &quot;value&quot;)])"/>
        <source value="http://hl7.org/fhir/StructureDefinition/Extension"/>
      </constraint>
      <isModifier value="false"/>
      <isSummary value="false"/>
      <mapping>
        <identity value="rim"/>
        <map value="n/a"/>
      </mapping>
    </element>
    <element id="IMMZ_C_RegisterClient.caregivers.modifierExtension">
      <path value="IMMZ_C_RegisterClient.caregivers.modifierExtension"/>
      <short value="Extensions that cannot be ignored even if unrecognized"/>
      <definition value="May be used to represent additional information that is not part of the basic definition of the element and that modifies the understanding of the element in which it is contained and/or the understanding of the containing element's descendants. Usually modifier elements provide negation or qualification. To make the use of extensions safe and manageable, there is a strict set of governance applied to the definition and use of extensions. Though any implementer can define an extension, there is a set of requirements that SHALL be met as part of the definition of the extension. Applications processing a resource are required to check for modifier extensions.&#xA;&#xA;Modifier extensions SHALL NOT change the meaning of any elements on Resource or DomainResource (including cannot change the meaning of modifierExtension itself)."/>
      <comment value="There can be no stigma associated with the use of extensions by any application, project, or standard - regardless of the institution or jurisdiction that uses or defines the extensions.  The use of extensions is what allows the FHIR specification to retain a core level of simplicity for everyone."/>
      <requirements value="Modifier extensions allow for extensions that *cannot* be safely ignored to be clearly distinguished from the vast majority of extensions which can be safely ignored.  This promotes interoperability by eliminating the need for implementers to prohibit the presence of extensions. For further information, see the [definition of modifier extensions](http://hl7.org/fhir/R4/extensibility.html#modifierExtension)."/>
      <alias value="extensions"/>
      <alias value="user content"/>
      <alias value="modifiers"/>
      <min value="0"/>
      <max value="*"/>
      <base>
        <path value="BackboneElement.modifierExtension"/>
        <min value="0"/>
        <max value="*"/>
      </base>
      <type>
        <code value="Extension"/>
      </type>
      <constraint>
        <key value="ele-1"/>
        <severity value="error"/>
        <human value="All FHIR elements must have a @value or children"/>
        <expression value="hasValue() or (children().count() &gt; id.count())"/>
        <xpath value="@value|f:*|h:div"/>
        <source value="http://hl7.org/fhir/StructureDefinition/Element"/>
      </constraint>
      <constraint>
        <key value="ext-1"/>
        <severity value="error"/>
        <human value="Must have either extensions or value[x], not both"/>
        <expression value="extension.exists() != value.exists()"/>
        <xpath value="exists(f:extension)!=exists(f:*[starts-with(local-name(.), &quot;value&quot;)])"/>
        <source value="http://hl7.org/fhir/StructureDefinition/Extension"/>
      </constraint>
      <isModifier value="true"/>
      <isModifierReason value="Modifier extensions are expected to modify the meaning or interpretation of the element that contains them"/>
      <isSummary value="true"/>
      <mapping>
        <identity value="rim"/>
        <map value="N/A"/>
      </mapping>
    </element>
    <element id="IMMZ_C_RegisterClient.caregivers.fullName">
      <path value="IMMZ_C_RegisterClient.caregivers.fullName"/>
      <code>
        <code value="IMMZ.C.DE16"/>
      </code>
      <code>
        <code value="184140000"/>
      </code>
      <short value="Caregiver's full name"/>
      <definition value="The full name of the client's caregiver"/>
      <min value="0"/>
      <max value="1"/>
      <base>
        <path value="IMMZ_C_RegisterClient.caregivers.fullName"/>
        <min value="0"/>
        <max value="1"/>
      </base>
      <type>
        <code value="string"/>
      </type>
    </element>
    <element id="IMMZ_C_RegisterClient.caregivers.firstName">
      <path value="IMMZ_C_RegisterClient.caregivers.firstName"/>
      <code>
        <code value="IMMZ.C.DE17"/>
      </code>
      <short value="Caregiver's first name"/>
      <definition value="First or given name of the client's caregiver"/>
      <min value="0"/>
      <max value="1"/>
      <base>
        <path value="IMMZ_C_RegisterClient.caregivers.firstName"/>
        <min value="0"/>
        <max value="1"/>
      </base>
      <type>
        <code value="string"/>
      </type>
    </element>
    <element id="IMMZ_C_RegisterClient.caregivers.familyName">
      <path value="IMMZ_C_RegisterClient.caregivers.familyName"/>
      <code>
        <code value="IMMZ.C.DE18"/>
      </code>
      <short value="Caregiver's family name"/>
      <definition value="Family name or last name of the client's caregiver"/>
      <min value="0"/>
      <max value="1"/>
      <base>
        <path value="IMMZ_C_RegisterClient.caregivers.familyName"/>
        <min value="0"/>
        <max value="1"/>
      </base>
      <type>
        <code value="string"/>
      </type>
    </element>
    <element id="IMMZ_C_RegisterClient.caregivers.phoneNumber">
      <path value="IMMZ_C_RegisterClient.caregivers.phoneNumber"/>
      <code>
        <code value="IMMZ.C.DE19"/>
      </code>
      <code>
        <code value="42077-8"/>
      </code>
      <code>
        <code value="184103008"/>
      </code>
      <short value="Contact phone number"/>
      <definition value="Client's phone number; can be a landline or a mobile phone number"/>
      <min value="1"/>
      <max value="1"/>
      <base>
        <path value="IMMZ_C_RegisterClient.caregivers.phoneNumber"/>
        <min value="1"/>
        <max value="1"/>
      </base>
      <type>
        <code value="string"/>
      </type>
    </element>
    <element id="IMMZ_C_RegisterClient.administrativeArea">
      <path value="IMMZ_C_RegisterClient.administrativeArea"/>
      <code>
        <code value="IMMZ.C.DE20"/>
      </code>
      <code>
        <code value="56799-0"/>
      </code>
      <code>
        <code value="184097001&quot;"/>
      </code>
      <short value="Administrative area"/>
      <definition value="The name of the city/municipality/town/village of where the client lives"/>
      <min value="0"/>
      <max value="1"/>
      <base>
        <path value="IMMZ_C_RegisterClient.administrativeArea"/>
        <min value="0"/>
        <max value="1"/>
      </base>
      <type>
        <code value="Coding"/>
      </type>
    </element>
    <element id="IMMZ_C_RegisterClient.activeHealthWorker">
      <path value="IMMZ_C_RegisterClient.activeHealthWorker"/>
      <code>
        <code value="IMMZ.C.DE21"/>
      </code>
      <short value="Active health worker"/>
      <definition value="Is the client an active and participating health worker. This data element is used mainly for reporting and indicators purposes."/>
      <min value="1"/>
      <max value="1"/>
      <base>
        <path value="IMMZ_C_RegisterClient.activeHealthWorker"/>
        <min value="1"/>
        <max value="1"/>
      </base>
      <type>
        <code value="boolean"/>
      </type>
    </element>
  </snapshot>
  <differential>
    <element id="IMMZ_C_RegisterClient">
      <path value="IMMZ_C_RegisterClient"/>
      <short value="IMMZ.C Register Client"/>
      <definition value="Register Client"/>
    </element>
    <element id="IMMZ_C_RegisterClient.uniqueIdentifier">
      <path value="IMMZ_C_RegisterClient.uniqueIdentifier"/>
      <code>
        <system value="http://who.smart.codes/smart"/>
        <code value="IMMZ.C.DE1"/>
      </code>
      <short value="Unique identifier"/>
      <definition value="Unique identifier for the client, according to the policies applicable to each country. There can be more than one unique identifier used to link records (e.g. national ID, health ID, immunization information system ID, medical record ID)."/>
      <min value="1"/>
      <max value="1"/>
      <type>
        <code value="Identifier"/>
      </type>
    </element>
    <element id="IMMZ_C_RegisterClient.name">
      <path value="IMMZ_C_RegisterClient.name"/>
      <code>
        <code value="IMMZ.C.DE2"/>
      </code>
      <code>
        <code value="54125-0"/>
      </code>
      <code>
        <code value="371484003"/>
      </code>
      <short value="Name"/>
      <definition value="The full name of the client"/>
      <min value="1"/>
      <max value="1"/>
      <type>
        <code value="string"/>
      </type>
    </element>
    <element id="IMMZ_C_RegisterClient.firstName">
      <path value="IMMZ_C_RegisterClient.firstName"/>
      <code>
        <code value="IMMZ.C.DE3"/>
      </code>
      <code>
        <code value="45392-8"/>
      </code>
      <code>
        <code value="184095009"/>
      </code>
      <short value="First name"/>
      <definition value="Client's first name or given name"/>
      <min value="0"/>
      <max value="1"/>
      <type>
        <code value="string"/>
      </type>
    </element>
    <element id="IMMZ_C_RegisterClient.familyName">
      <path value="IMMZ_C_RegisterClient.familyName"/>
      <code>
        <code value="IMMZ.C.DE4"/>
      </code>
      <code>
        <code value="45394-4"/>
      </code>
      <code>
        <code value="184096005"/>
      </code>
      <short value="Family name"/>
      <definition value="Client's family name or last name"/>
      <min value="0"/>
      <max value="1"/>
      <type>
        <code value="string"/>
      </type>
    </element>
    <element id="IMMZ_C_RegisterClient.sex">
      <path value="IMMZ_C_RegisterClient.sex"/>
      <code>
        <code value="IMMZ.C.DE5"/>
      </code>
      <code>
        <code value="46098-0"/>
      </code>
      <code>
        <code value="184100006"/>
      </code>
      <short value="Sex"/>
      <definition value="Documentation of a specific instance of sex information for the client"/>
      <min value="1"/>
      <max value="1"/>
      <type>
        <code value="Coding"/>
      </type>
    </element>
    <element id="IMMZ_C_RegisterClient.dateOfBirth">
      <path value="IMMZ_C_RegisterClient.dateOfBirth"/>
      <code>
        <code value="IMMZ.C.DE10"/>
      </code>
      <code>
        <code value="21112-8"/>
      </code>
      <code>
        <code value="184099003"/>
      </code>
      <short value="Date of birth "/>
      <definition value="Client's date of birth (DOB) if known; if unknown, use assigned DOB for administrative purposes"/>
      <min value="0"/>
      <max value="1"/>
      <type>
        <code value="date"/>
      </type>
    </element>
    <element id="IMMZ_C_RegisterClient.ageInWeeks">
      <path value="IMMZ_C_RegisterClient.ageInWeeks"/>
      <code>
        <code value="IMMZ.C.DE11"/>
      </code>
      <code>
        <code value="63900-5"/>
      </code>
      <short value="Age in weeks"/>
      <definition value="The client's calculated age (number of weeks) based on the date of birth (DOB) and the visit date"/>
      <min value="0"/>
      <max value="1"/>
      <type>
        <code value="Quantity"/>
      </type>
    </element>
    <element id="IMMZ_C_RegisterClient.ageInMonths">
      <path value="IMMZ_C_RegisterClient.ageInMonths"/>
      <code>
        <code value="IMMZ.C.DE12"/>
      </code>
      <code>
        <code value="63900-5"/>
      </code>
      <short value="Age in months"/>
      <definition value="The client's calculated age (number of months) based on the date of birth (DOB) and the visit date"/>
      <min value="0"/>
      <max value="1"/>
      <type>
        <code value="Quantity"/>
      </type>
    </element>
    <element id="IMMZ_C_RegisterClient.ageInYears">
      <path value="IMMZ_C_RegisterClient.ageInYears"/>
      <code>
        <code value="IMMZ.C.DE13"/>
      </code>
      <code>
        <code value="63900-5"/>
      </code>
      <short value="Age in years"/>
      <definition value="The client's calculated age (number of years) based on the date of birth (DOB) and the visit date"/>
      <min value="0"/>
      <max value="1"/>
      <type>
        <code value="Quantity"/>
      </type>
    </element>
    <element id="IMMZ_C_RegisterClient.multipleBirth">
      <path value="IMMZ_C_RegisterClient.multipleBirth"/>
      <code>
        <code value="IMMZ.C.DE14"/>
      </code>
      <short value="Multiple birth "/>
      <definition value="Indicates whether the client is part of a multiple birth (e.g. twins, triplets, etc.)"/>
      <min value="1"/>
      <max value="1"/>
      <type>
        <code value="boolean"/>
      </type>
    </element>
    <element id="IMMZ_C_RegisterClient.caregivers">
      <path value="IMMZ_C_RegisterClient.caregivers"/>
      <code>
        <code value="IMMZ.C.DE15"/>
      </code>
      <code>
        <code value="184140000"/>
      </code>
      <short value="Caregivers"/>
      <definition value="The client's caregiver (person) which could be next of kin (e.g., partner, husband, mother, sibling, etc.)"/>
      <min value="0"/>
      <max value="*"/>
      <type>
        <code value="BackboneElement"/>
      </type>
    </element>
    <element id="IMMZ_C_RegisterClient.caregivers.fullName">
      <path value="IMMZ_C_RegisterClient.caregivers.fullName"/>
      <code>
        <code value="IMMZ.C.DE16"/>
      </code>
      <code>
        <code value="184140000"/>
      </code>
      <short value="Caregiver's full name"/>
      <definition value="The full name of the client's caregiver"/>
      <min value="0"/>
      <max value="1"/>
      <type>
        <code value="string"/>
      </type>
    </element>
    <element id="IMMZ_C_RegisterClient.caregivers.firstName">
      <path value="IMMZ_C_RegisterClient.caregivers.firstName"/>
      <code>
        <code value="IMMZ.C.DE17"/>
      </code>
      <short value="Caregiver's first name"/>
      <definition value="First or given name of the client's caregiver"/>
      <min value="0"/>
      <max value="1"/>
      <type>
        <code value="string"/>
      </type>
    </element>
    <element id="IMMZ_C_RegisterClient.caregivers.familyName">
      <path value="IMMZ_C_RegisterClient.caregivers.familyName"/>
      <code>
        <code value="IMMZ.C.DE18"/>
      </code>
      <short value="Caregiver's family name"/>
      <definition value="Family name or last name of the client's caregiver"/>
      <min value="0"/>
      <max value="1"/>
      <type>
        <code value="string"/>
      </type>
    </element>
    <element id="IMMZ_C_RegisterClient.caregivers.phoneNumber">
      <path value="IMMZ_C_RegisterClient.caregivers.phoneNumber"/>
      <code>
        <code value="IMMZ.C.DE19"/>
      </code>
      <code>
        <code value="42077-8"/>
      </code>
      <code>
        <code value="184103008"/>
      </code>
      <short value="Contact phone number"/>
      <definition value="Client's phone number; can be a landline or a mobile phone number"/>
      <min value="1"/>
      <max value="1"/>
      <type>
        <code value="string"/>
      </type>
    </element>
    <element id="IMMZ_C_RegisterClient.administrativeArea">
      <path value="IMMZ_C_RegisterClient.administrativeArea"/>
      <code>
        <code value="IMMZ.C.DE20"/>
      </code>
      <code>
        <code value="56799-0"/>
      </code>
      <code>
        <code value="184097001&quot;"/>
      </code>
      <short value="Administrative area"/>
      <definition value="The name of the city/municipality/town/village of where the client lives"/>
      <min value="0"/>
      <max value="1"/>
      <type>
        <code value="Coding"/>
      </type>
    </element>
    <element id="IMMZ_C_RegisterClient.activeHealthWorker">
      <path value="IMMZ_C_RegisterClient.activeHealthWorker"/>
      <code>
        <code value="IMMZ.C.DE21"/>
      </code>
      <short value="Active health worker"/>
      <definition value="Is the client an active and participating health worker. This data element is used mainly for reporting and indicators purposes."/>
      <min value="1"/>
      <max value="1"/>
      <type>
        <code value="boolean"/>
      </type>
    </element>
  </differential>
</StructureDefinition>